rank,opcode,block_count,project_count,block_percent,project_percent
1,data_setvariableto,112074,272,6.8968,96.5
2,operator_equals,101943,271,6.2734,96.1
3,argument_reporter_string_number,97508,207,6.0005,73.4
4,control_if,83154,272,5.1171,96.5
5,data_itemoflist,59311,216,3.6499,76.6
6,procedures_call,56948,246,3.5045,87.2
7,operator_add,50243,235,3.0919,83.3
8,control_if_else,48778,268,3.0017,95.0
9,operator_subtract,38925,251,2.3954,89.0
10,looks_costume,38280,279,2.3557,98.9
11,looks_switchcostumeto,38250,279,2.3538,98.9
12,data_addtolist,34212,225,2.1053,79.8
13,operator_multiply,34019,245,2.0935,86.9
14,data_changevariableby,33831,272,2.0819,96.5
15,event_whenbroadcastreceived,32895,276,2.0243,97.9
16,control_wait,28678,276,1.7648,97.9
17,control_repeat,27921,277,1.7182,98.2
18,looks_hide,27023,274,1.6629,97.2
19,operator_gt,24690,260,1.5194,92.2
20,operator_lt,22164,260,1.3639,92.2
21,data_replaceitemoflist,22071,189,1.3582,67.0
22,operator_not,19957,268,1.2281,95.0
23,operator_or,19946,253,1.2274,89.7
24,operator_and,19559,257,1.2036,91.1
25,control_forever,19077,277,1.174,98.2
26,motion_gotoxy,18700,279,1.1508,98.9
27,sensing_touchingobjectmenu,18356,254,1.1296,90.1
28,sensing_touchingobject,18354,254,1.1295,90.1
29,looks_show,17869,277,1.0996,98.2
30,operator_divide,14914,225,0.9178,79.8
31,procedures_prototype,14848,247,0.9137,87.6
32,operator_join,14664,201,0.9024,71.3
33,event_broadcast,14629,276,0.9002,97.9
34,procedures_definition,14598,247,0.8983,87.6
35,operator_random,14183,241,0.8728,85.5
36,control_create_clone_of_menu,13816,262,0.8502,92.9
37,control_create_clone_of,13814,262,0.8501,92.9
38,looks_seteffectto,13493,263,0.8303,93.3
39,event_whenflagclicked,13270,282,0.8166,100.0
40,control_stop,12582,253,0.7743,89.7
41,looks_costumenumbername,11592,228,0.7134,80.9
42,control_delete_this_clone,11089,257,0.6824,91.1
43,operator_mathop,11027,193,0.6786,68.4
44,control_wait_until,10309,251,0.6344,89.0
45,looks_gotofrontback,9767,263,0.601,93.3
46,control_start_as_clone,9208,261,0.5666,92.6
47,control_repeat_until,8914,257,0.5486,91.1
48,looks_setsizeto,8653,262,0.5325,92.9
49,sound_sounds_menu,8179,264,0.5033,93.6
50,motion_xposition,8100,233,0.4985,82.6
51,sensing_mousedown,7834,251,0.4821,89.0
52,sensing_keyoptions,7469,228,0.4596,80.9
53,sensing_keypressed,7463,228,0.4593,80.9
54,data_deletealloflist,7376,215,0.4539,76.2
55,sound_play,6941,215,0.4271,76.2
56,motion_changexby,6873,247,0.423,87.6
57,data_itemnumoflist,6872,150,0.4229,53.2
58,data_lengthoflist,6615,187,0.4071,66.3
59,motion_changeyby,6554,247,0.4033,87.6
60,motion_yposition,6469,234,0.3981,83.0
61,argument_reporter_boolean,6199,45,0.3815,16.0
62,looks_changeeffectby,6013,255,0.37,90.4
63,operator_letter_of,5382,171,0.3312,60.6
64,motion_pointindirection,5321,243,0.3274,86.2
65,looks_nextcostume,5009,238,0.3082,84.4
66,data_deleteoflist,4814,170,0.2962,60.3
67,operator_contains,3868,122,0.238,43.3
68,looks_changesizeby,3845,225,0.2366,79.8
69,sensing_of_object_menu,3828,165,0.2356,58.5
70,sensing_of,3826,165,0.2354,58.5
71,data_listcontainsitem,3506,146,0.2158,51.8
72,operator_round,3429,139,0.211,49.3
73,looks_cleargraphiceffects,3015,183,0.1855,64.9
74,motion_movesteps,2661,183,0.1638,64.9
75,data_hidevariable,2536,177,0.1561,62.8
76,looks_size,2409,155,0.1482,55.0
77,motion_direction,2163,141,0.1331,50.0
78,operator_mod,2103,100,0.1294,35.5
79,sensing_answer,2066,147,0.1271,52.1
80,motion_turnright,1990,206,0.1225,73.0
81,event_broadcastandwait,1960,159,0.1206,56.4
82,operator_length,1949,165,0.1199,58.5
83,sensing_timer,1925,118,0.1185,41.8
84,looks_goforwardbackwardlayers,1832,173,0.1127,61.3
85,motion_goto,1743,202,0.1073,71.6
86,motion_goto_menu,1743,202,0.1073,71.6
87,motion_setx,1695,171,0.1043,60.6
88,sensing_mousex,1637,166,0.1007,58.9
89,event_whenbackdropswitchesto,1586,34,0.0976,12.1
90,looks_backdrops,1574,206,0.0969,73.0
91,looks_switchbackdropto,1561,206,0.0961,73.0
92,sensing_username,1493,129,0.0919,45.7
93,looks_sayforsecs,1480,150,0.0911,53.2
94,sensing_mousey,1421,160,0.0874,56.7
95,event_whenthisspriteclicked,1389,132,0.0855,46.8
96,motion_glidesecstoxy,1313,134,0.0808,47.5
97,looks_say,1308,137,0.0805,48.6
98,sound_setvolumeto,1259,156,0.0775,55.3
99,sound_playuntildone,1214,223,0.0747,79.1
100,data_showvariable,1151,165,0.0708,58.5
101,sensing_touchingcolor,1134,81,0.0698,28.7
102,event_whenkeypressed,1125,157,0.0692,55.7
103,localstorage_get,1115,16,0.0686,5.7
104,motion_setrotationstyle,1108,144,0.0682,51.1
105,motion_sety,1107,155,0.0681,55.0
106,motion_pointtowards,1046,143,0.0644,50.7
107,motion_pointtowards_menu,1046,143,0.0644,50.7
108,pen_stamp,1046,36,0.0644,12.8
109,data_hidelist,1016,129,0.0625,45.7
110,data_insertatlist,996,77,0.0613,27.3
111,motion_turnleft,932,142,0.0574,50.4
112,looks_backdropnumbername,853,47,0.0525,16.7
113,sensing_distanceto,844,78,0.0519,27.7
114,sensing_distancetomenu,844,78,0.0519,27.7
115,skyhigh173JSON_json_array_get,717,11,0.0441,3.9
116,sensing_askandwait,682,148,0.042,52.5
117,sound_stopallsounds,564,130,0.0347,46.1
118,localstorage_set,550,16,0.0338,5.7
119,pen_setPenColorToColor,518,66,0.0319,23.4
120,data_showlist,511,128,0.0314,45.4
121,skyhigh173JSON_json_get,503,11,0.031,3.9
122,numericalencoding2_decode,498,26,0.0306,9.2
123,sensing_current,477,31,0.0294,11.0
124,skyhigh173JSON_json_array_push,447,9,0.0275,3.2
125,numericalencoding2_encode,441,26,0.0271,9.2
126,text_setText,430,28,0.0265,9.9
127,strings_split,400,6,0.0246,2.1
128,pen_penUp,396,64,0.0244,22.7
129,pen_penDown,360,66,0.0222,23.4
130,pen_clear,343,86,0.0211,30.5
131,text_setColor,311,32,0.0191,11.3
132,pen_setPenSizeTo,305,64,0.0188,22.7
133,music_playNoteForBeats,240,10,0.0148,3.5
134,note,240,10,0.0148,3.5
135,tw_getButtonIsDown,217,20,0.0134,7.1
136,tw_menu_mouseButton,217,20,0.0134,7.1
137,sensing_resettimer,214,95,0.0132,33.7
138,sound_seteffectto,201,47,0.0124,16.7
139,lmsLooksPlus_menu_spriteMenu,197,8,0.0121,2.8
140,control_for_each,190,9,0.0117,3.2
141,skyhigh173JSON_menu_get_list,172,6,0.0106,2.1
142,motion_glideto,171,46,0.0105,16.3
143,motion_glideto_menu,171,46,0.0105,16.3
144,sipctime_Timestamp,165,12,0.0102,4.3
145,event_whengreaterthan,161,28,0.0099,9.9
146,control_while,144,10,0.0089,3.5
147,sensing_dayssince2000,139,21,0.0086,7.4
148,sensing_setdragmode,137,38,0.0084,13.5
149,lmsclonesplus_isClone,133,10,0.0082,3.5
150,skyhigh173JSON_json_vm_getlist,127,4,0.0078,1.4
151,music_playDrumForBeats,124,5,0.0076,1.8
152,music_menu_DRUM,124,5,0.0076,1.8
153,sound_cleareffects,119,28,0.0073,9.9
154,skyhigh173JSON_json_array_delete,115,7,0.0071,2.5
155,text_setFont,114,23,0.007,8.2
156,localstorage_setProjectId,113,16,0.007,5.7
157,skyhigh173JSON_json_set,113,6,0.007,2.1
158,text_setWidth,111,18,0.0068,6.4
159,jeremygamerTweening_menu_modes,109,5,0.0067,1.8
160,jeremygamerTweening_menu_direction,109,5,0.0067,1.8
161,skyhigh173JSON_menu_types,107,5,0.0066,1.8
162,music_restForBeats,107,3,0.0066,1.1
163,motion_ifonedgebounce,97,22,0.006,7.8
164,text_addLine,93,12,0.0057,4.3
165,utilities_clamp,93,3,0.0057,1.1
166,looks_think,91,21,0.0056,7.4
167,stretch_setStretchY,88,11,0.0054,3.9
168,sound_changevolumeby,86,40,0.0053,14.2
169,pen_menu_colorParam,83,23,0.0051,8.2
170,skyhigh173JSON_json_length,82,7,0.005,2.5
171,skyhigh173JSON_json_has_value,80,4,0.0049,1.4
172,jeremygamerTweening_tweenProperty,80,4,0.0049,1.4
173,jeremygamerTweening_menu_properties,80,4,0.0049,1.4
174,skyhigh173JSON_json_new,79,3,0.0049,1.1
175,lmsclonesplus_menu_spriteMenu,78,9,0.0048,3.2
176,procedures_return,76,4,0.0047,1.4
177,data_savevariable,67,3,0.0041,1.1
178,pen_setPenColorParamTo,60,20,0.0037,7.1
179,skyhigh173JSON_json_array_itemH,60,5,0.0037,1.8
180,data_savelist,59,3,0.0036,1.1
181,lmsMoreEvents_whenTrueFalse,57,3,0.0035,1.1
182,sipctime_menu_DurationUnit,56,8,0.0034,2.8
183,lmsLooksPlus_spriteVisible,56,7,0.0034,2.5
184,sipctime_Timedata,56,3,0.0034,1.1
185,sipctime_menu_Time,56,3,0.0034,1.1
186,sound_volume,54,20,0.0033,7.1
187,text_setOutlineWidth,52,11,0.0032,3.9
188,looks_thinkforsecs,51,20,0.0031,7.1
189,text_menu_twAlign,50,13,0.0031,4.6
190,sipctime_differenceBetweenDateAndNow,50,8,0.0031,2.8
191,lmsclonesplus_deleteClonesInSprite,49,7,0.003,2.5
192,stretch_changeStretchX,48,12,0.003,4.3
193,stretch_setStretchX,47,16,0.0029,5.7
194,lmsLooksPlus_setLayerTo,47,6,0.0029,2.1
195,lmsMoreEvents_receivedData,47,3,0.0029,1.1
196,looks_nextbackdrop,45,21,0.0028,7.4
197,sensing_coloristouchingcolor,45,8,0.0028,2.8
198,skyhigh173JSON_json_vm_setlist,45,6,0.0028,2.1
199,skyhigh173JSON_json_array_set,43,5,0.0026,1.8
200,lmsLooksPlus_effectValue,42,4,0.0026,1.4
201,text_setOutlineColor,41,9,0.0025,3.2
202,runtimeoptions_menu_thing,40,9,0.0025,3.2
203,strings_letters_of,40,5,0.0025,1.8
204,text_setFontInput,39,14,0.0024,5.0
205,text_menu_twFont,39,14,0.0024,5.0
206,runtimeoptions_setEnabled,38,9,0.0023,3.2
207,runtimeoptions_menu_enabled,38,9,0.0023,3.2
208,utilities_ternaryOperator,38,2,0.0023,0.7
209,stretch_setStretch,37,14,0.0023,5.0
210,penP_menu_stampSquare,37,2,0.0023,0.7
211,runtimeoptions_setUsername,36,7,0.0022,2.5
212,data_loadlist,36,3,0.0022,1.1
213,bcxToolbox_getKeyByArrayValue,36,1,0.0022,0.4
214,skyhigh173JSON_json_jlength,34,4,0.0021,1.4
215,skyhigh173JSON_json_get_all,34,3,0.0021,1.1
216,text_setWidthInput,33,12,0.002,4.3
217,tw_getLastKeyPressed,32,5,0.002,1.8
218,lmsMoreEvents_menu_targetMenu,32,3,0.002,1.1
219,penP_setStampAttribute,31,2,0.0019,0.7
220,lmsTempVars2_getRuntimeVariable,31,1,0.0019,0.4
221,translate_getTranslate,30,6,0.0018,2.1
222,translate_menu_languages,30,6,0.0018,2.1
223,music_setInstrument,29,9,0.0018,3.2
224,music_menu_INSTRUMENT,29,9,0.0018,3.2
225,lmsclonesplus_spriteCloneCount,29,6,0.0018,2.1
226,skyhigh173JSON_json_is,28,4,0.0017,1.4
227,text_clearText,27,7,0.0017,2.5
228,sipctime_TimestampToTime,27,6,0.0017,2.1
229,text_textActive,27,3,0.0017,1.1
230,lmsMoreEvents_broadcastDataToTarget,27,3,0.0017,1.1
231,lmsclonesplus_deleteCloneWithVar,27,3,0.0017,1.1
232,lmsTimers_valueOfTimer,27,1,0.0017,0.4
233,lmsMoreEvents_whenStopClicked,26,4,0.0016,1.4
234,text_getLinesV2,25,11,0.0015,3.9
235,text_menu_twWordWrap,25,11,0.0015,3.9
236,skyhigh173JSON_json_array_remove_all,25,2,0.0015,0.7
237,runtimeoptions_setFramerate,24,7,0.0015,2.5
238,qxsckvarandlist_setVar,24,2,0.0015,0.7
239,pen_changePenColorParamBy,23,10,0.0014,3.5
240,lmsLooksPlus_spriteLayerNumber,23,2,0.0014,0.7
241,glowText_setTextColor,22,1,0.0014,0.4
242,stretch_getX,21,10,0.0013,3.5
243,strings_replace,21,3,0.0013,1.1
244,lmsMoreEvents_broadcastData,21,3,0.0013,1.1
245,glowText_showText,21,1,0.0013,0.4
246,MouseCursor_setCur,20,11,0.0012,3.9
247,MouseCursor_menu_cursors,20,11,0.0012,3.9
248,lmsTempVars2_setRuntimeVariable,20,1,0.0012,0.4
249,gsaHTTPRequests_resData,19,6,0.0012,2.1
250,runtimeoptions_getFramerate,19,2,0.0012,0.7
251,Gamepad_menu_padMenu,19,1,0.0012,0.4
252,MouseCursor_setCursorImage,18,10,0.0011,3.5
253,MouseCursor_menu_imagePositions,18,10,0.0011,3.5
254,MouseCursor_menu_imageSizes,18,10,0.0011,3.5
255,theshovelcanvaseffects_menu_EFFECTMENU,18,3,0.0011,1.1
256,skyhigh173JSON_json_array_sort,18,2,0.0011,0.7
257,skyhigh173JSON_menu_sort_order,18,2,0.0011,0.7
258,penP_squareDown,18,2,0.0011,0.7
259,skyhigh173JSON_json_array_flat,18,1,0.0011,0.4
260,text_setAlignment,17,6,0.001,2.1
261,strings_count,17,3,0.001,1.1
262,pen_changePenSizeBy,16,8,0.001,2.8
263,stretch_changeStretchY,16,5,0.001,1.8
264,lmsLooksPlus_hideSprite,16,4,0.001,1.4
265,DTcameracontrols_getY,16,1,0.001,0.4
266,MouseCursor_hideCur,15,11,0.0009,3.9
267,pen_setPenShadeToNumber,15,2,0.0009,0.7
268,jeremygamerTweening_tweenValue,15,2,0.0009,0.7
269,lmsSoundExpanded_isSoundPlaying,15,2,0.0009,0.7
270,Gamepad_buttonDown,15,1,0.0009,0.4
271,Gamepad_menu_buttonMenu,15,1,0.0009,0.4
272,DTcameracontrols_getX,15,1,0.0009,0.4
273,makeymakey_whenCodePressed,14,7,0.0009,2.5
274,makeymakey_menu_SEQUENCE,14,7,0.0009,2.5
275,pen_setPenHueToNumber,14,2,0.0009,0.7
276,jeremygamerTweening_tweenXY,14,2,0.0009,0.7
277,looks_switchbackdroptoandwait,13,7,0.0008,2.5
278,runtimeoptions_greenFlag,13,6,0.0008,2.1
279,files_download,13,5,0.0008,1.8
280,pen_print,13,4,0.0008,1.4
281,data_loadvariable,13,3,0.0008,1.1
282,theshovelcanvaseffects_seteffect,13,3,0.0008,1.1
283,lmsLooksPlus_showSprite,13,3,0.0008,1.1
284,files_menu_encoding,13,3,0.0008,1.1
285,localstorage_remove,13,3,0.0008,1.1
286,bcxToolbox_arrayPushMultiple,13,1,0.0008,0.4
287,text_menu_twAnimate,12,7,0.0007,2.5
288,videoSensing_videoToggle,12,4,0.0007,1.4
289,videoSensing_menu_VIDEO_STATE,12,4,0.0007,1.4
290,lmsclonesplus_cloneExists,12,2,0.0007,0.7
291,qxsckvarandlist_getVar,12,2,0.0007,0.7
292,shovellzcompress_menu_COMPRESSIONTYPES,12,1,0.0007,0.4
293,text_setWidthValue,11,5,0.0007,1.8
294,text_getDisplayedText,11,2,0.0007,0.7
295,skyhigh173JSON_json_array_join,11,2,0.0007,0.7
296,obviousalexsensing_touchingFinger,11,1,0.0007,0.4
297,spritetextbox_setText,11,1,0.0007,0.4
298,gsaHTTPRequests_sendRequest,10,7,0.0006,2.5
299,utilities_newline,10,2,0.0006,0.7
300,DTcameracontrols_getDirection,10,1,0.0006,0.4
301,bcxToolboxV9_arrayGetAllKeyValues,10,1,0.0006,0.4
302,xeltallivclipblend_clearClipbox,10,1,0.0006,0.4
303,glowText_setFont,10,1,0.0006,0.4
304,glowText_menu_fontMenu,10,1,0.0006,0.4
305,glowText_setFontSize,10,1,0.0006,0.4
306,glowText_setGlowRadius,10,1,0.0006,0.4
307,glowText_setOutlineWidth,10,1,0.0006,0.4
308,glowText_setExtendDirection,10,1,0.0006,0.4
309,codingStarInput_getText,10,1,0.0006,0.4
310,popupuinew_get_choose_result,10,1,0.0006,0.4
311,gsaHTTPRequests_setRequestmethod,9,6,0.0006,2.1
312,gsaHTTPRequests_menu_method,9,6,0.0006,2.1
313,nonameawagraph_line_section,9,2,0.0006,0.7
314,lmsclonesplus_cloneCount,9,2,0.0006,0.7
315,shovelcss_changecss,9,2,0.0006,0.7
316,shovelcss_menu_COLORABLE_MENU,9,2,0.0006,0.7
317,obviousalexsensing_returnWords,9,2,0.0006,0.7
318,files_showPickerExtensionsAs,9,2,0.0006,0.7
319,lmsclonesplus_createCloneWithVar,9,2,0.0006,0.7
320,lmsTempVars2_changeRuntimeVariable,9,1,0.0006,0.4
321,images_getImage,9,1,0.0006,0.4
322,shovellzcompress_decompress,9,1,0.0006,0.4
323,bcxToolbox_randomFilterExclude,9,1,0.0006,0.4
324,gsaHTTPRequests_setBody,8,6,0.0005,2.1
325,lmsclonesplus_getThingOfMainSprite,8,3,0.0005,1.1
326,shovelcss_transparentinput,8,2,0.0005,0.7
327,obviousalexsensing_recording,8,2,0.0005,0.7
328,obviousalexsensing_menu_toggleMenu,8,2,0.0005,0.7
329,skyhigh173JSON_json_array_analysis,8,2,0.0005,0.7
330,skyhigh173JSON_menu_analysis,8,2,0.0005,0.7
331,skyhigh173JSON_json_array_create,8,2,0.0005,0.7
332,qxsckvarandlist_getIndexesOfList,8,2,0.0005,0.7
333,images_queryImage,8,1,0.0005,0.4
334,obviousalexsensing_menu_fingerIDMenu,8,1,0.0005,0.4
335,bcxToolboxV8_arrayRemoveTextInItem,8,1,0.0005,0.4
336,popupuinew_get_popup_status_code,8,1,0.0005,0.4
337,glowText_setColorRange,8,1,0.0005,0.4
338,gsaHTTPRequests_setMimeType,7,5,0.0004,1.8
339,gsaHTTPRequests_menu_mimeType,7,5,0.0004,1.8
340,music_setTempo,7,2,0.0004,0.7
341,lmsSoundExpanded_stopSound,7,2,0.0004,0.7
342,codingStarInput_deleteAll,7,1,0.0004,0.4
343,lmsutilsblocks_stringCheckBoolean,7,1,0.0004,0.4
344,lmsutilsblocks_menu_stringCheckMenu,7,1,0.0004,0.4
345,xeltallivclipblend_setClipbox,7,1,0.0004,0.4
346,sound_changeeffectby,6,6,0.0004,2.1
347,runtimeoptions_setCloneLimit,6,5,0.0004,1.8
348,runtimeoptions_menu_clones,6,5,0.0004,1.8
349,gsaHTTPRequests_setHeaderData,6,5,0.0004,1.8
350,text_animateTextInput,6,4,0.0004,1.4
351,nkmoremotion_pointto,6,4,0.0004,1.4
352,text_setAnimateDuration,6,4,0.0004,1.4
353,text_menu_twAnimateDuration,6,4,0.0004,1.4
354,text_startAnimate,6,3,0.0004,1.1
355,strings_repeat,6,3,0.0004,1.1
356,skyhigh173JSON_json_array_fromto,6,3,0.0004,1.1
357,runtimeoptions_setDimensions,6,2,0.0004,0.7
358,skyhigh173JSON_json_array_insert,6,2,0.0004,0.7
359,files_setOpenMode,6,2,0.0004,0.7
360,files_menu_automaticallyOpen,6,2,0.0004,0.7
361,nkmoremotion_distanceto,6,2,0.0004,0.7
362,stretch_changeStretch,6,1,0.0004,0.4
363,customInputBox_getInputBoxValue,6,1,0.0004,0.4
364,lmsData_getListJoin,6,1,0.0004,0.4
365,lmsData_menu_lists,6,1,0.0004,0.4
366,obviousalexsensing_supportsTouches,6,1,0.0004,0.4
367,penP_getStampAttribute,6,1,0.0004,0.4
368,bcxToolboxV3_getItemOccurIndex,6,1,0.0004,0.4
369,glowText_setTextWidth,6,1,0.0004,0.4
370,glowText_getTextProperty,6,1,0.0004,0.4
371,bcxToolboxV7_deleteAllSubArrayItem,6,1,0.0004,0.4
372,lmsTimers_startResetTimer,6,1,0.0004,0.4
373,glowText_setGlowColor,6,1,0.0004,0.4
374,popupuinew_show_choose_box,6,1,0.0004,0.4
375,files_downloadURL,5,3,0.0003,1.1
376,lmsclonesplus_touchingMainSprite,5,3,0.0003,1.1
377,nkmoremotion_tweentowards,5,2,0.0003,0.7
378,theshovelcanvaseffects_changeEffect,5,2,0.0003,0.7
379,localstorage_removeAll,5,2,0.0003,0.7
380,lmsclonesplus_getThingOfClone,5,2,0.0003,0.7
381,music_getTempo,5,1,0.0003,0.4
382,videoSensing_setVideoTransparency,5,1,0.0003,0.4
383,sipctime_differenceBetweenDates,5,1,0.0003,0.4
384,customInputBox_setInputBoxValue,5,1,0.0003,0.4
385,strings_indexof,5,1,0.0003,0.4
386,DTcameracontrols_setDirection,5,1,0.0003,0.4
387,MecllNeteaseMusic_SearchSongsReturn,5,1,0.0003,0.4
388,MecllNeteaseMusic_menu_searchreturntype,5,1,0.0003,0.4
389,lmsMoreEvents_broadcastDataToTargetAndWait,5,1,0.0003,0.4
390,obviousalexsensing_fingerPosition,5,1,0.0003,0.4
391,obviousalexsensing_menu_coordmenu,5,1,0.0003,0.4
392,bcxToolboxV7_getAllSubArrayItem,5,1,0.0003,0.4
393,spritetextbox_setBoxHAlign,5,1,0.0003,0.4
394,spritetextbox_menu_boxHAlign,5,1,0.0003,0.4
395,spritetextbox_setBorderStyle,5,1,0.0003,0.4
396,touisystem_show_error_alert,5,1,0.0003,0.4
397,text_animateText,4,3,0.0002,1.1
398,stretch_getY,4,3,0.0002,1.1
399,lmsLooksPlus_snapshotStage,4,3,0.0002,1.1
400,sensing_userid,4,2,0.0002,0.7
401,Encoding_menu_encode,4,2,0.0002,0.7
402,files_showPickerAs,4,2,0.0002,0.7
403,lmsVideo_menu_targets,4,2,0.0002,0.7
404,penP_drawSolidTri,4,2,0.0002,0.7
405,theshovelcanvaseffects_setrendermode,4,1,0.0002,0.4
406,theshovelcanvaseffects_menu_RENDERMODE,4,1,0.0002,0.4
407,holidaydetector_getFestivalName,4,1,0.0002,0.4
408,longvegdictionary_define,4,1,0.0002,0.4
409,lmsVideo_deleteVideoURL,4,1,0.0002,0.4
410,theshovelcanvaseffects_cleareffects,4,1,0.0002,0.4
411,DTcameracontrols_setZoom,4,1,0.0002,0.4
412,obviousalexsensing_getTouchingFingerID,4,1,0.0002,0.4
413,Encoding_Fontgenerationstring,4,1,0.0002,0.4
414,spritetextbox_setShapeStyle,4,1,0.0002,0.4
415,spritetextbox_setTextColor,4,1,0.0002,0.4
416,spritetextbox_setShadow,4,1,0.0002,0.4
417,spritetextbox_setBgColor,4,1,0.0002,0.4
418,bcxToolboxV5_objGetExtremeItem,4,1,0.0002,0.4
419,popupuinew_toast_success,4,1,0.0002,0.4
420,glowText_setGlowRange,4,1,0.0002,0.4
421,lmsTimers_removeTimer,4,1,0.0002,0.4
422,text_setTypeDelay,3,3,0.0002,1.1
423,dtbyxeroname_fps,3,3,0.0002,1.1
424,skyhigh173JSON_json_has_key,3,3,0.0002,1.1
425,nonameawagraph_ray_direction2,3,2,0.0002,0.7
426,skyhigh173JSON_json_is_valid,3,2,0.0002,0.7
427,lmsVideo_setVolume,3,2,0.0002,0.7
428,utilities_stringToBoolean,3,2,0.0002,0.7
429,Gamepad_axisValue,3,1,0.0002,0.4
430,Gamepad_menu_axisMenu,3,1,0.0002,0.4
431,gsaHTTPRequests_status,3,1,0.0002,0.4
432,shovellzcompress_compress,3,1,0.0002,0.4
433,DTcameracontrols_rotateCCW,3,1,0.0002,0.4
434,DTcameracontrols_rotateCW,3,1,0.0002,0.4
435,clipboard_setClipboard,3,1,0.0002,0.4
436,RixxyX_returnTime,3,1,0.0002,0.4
437,RixxyX_returnNum,3,1,0.0002,0.4
438,lmsLooksPlus_costumeAttribute,3,1,0.0002,0.4
439,obviousalexsensing_isFingerDown,3,1,0.0002,0.4
440,lmsclonesplus_getVariableOfMainSprite,3,1,0.0002,0.4
441,lmsutilsblocks_stringIfElse,3,1,0.0002,0.4
442,skyhigh173JSON_json_array_from,3,1,0.0002,0.4
443,truefantomnetwork_rtt_block,3,1,0.0002,0.4
444,bcxToolboxV2_arrayKeepOrReplace,3,1,0.0002,0.4
445,spritetextbox_setBoxVAlign,3,1,0.0002,0.4
446,spritetextbox_menu_boxVAlign,3,1,0.0002,0.4
447,spritetextbox_setSingleLine,3,1,0.0002,0.4
448,spritetextbox_menu_singleLineMode,3,1,0.0002,0.4
449,spritetextbox_getBoxSize,3,1,0.0002,0.4
450,spritetextbox_menu_boxDimension,3,1,0.0002,0.4
451,codingStarInput_clear,3,1,0.0002,0.4
452,lmsTimers_pauseTimer,3,1,0.0002,0.4
453,lmsTimers_setTimer,3,1,0.0002,0.4
454,Encoding_encode,2,2,0.0001,0.7
455,lmsVideo_getState,2,2,0.0001,0.7
456,lmsVideo_menu_state,2,2,0.0001,0.7
457,lmsVideo_loadVideoURL,2,2,0.0001,0.7
458,lmsVideo_showVideo,2,2,0.0001,0.7
459,lmsVideo_startVideo,2,2,0.0001,0.7
460,nkcontrols_hideOption,2,2,0.0001,0.7
461,nkcontrols_menu_OPTION,2,2,0.0001,0.7
462,truefantomnetwork_open_link_block,2,2,0.0001,0.7
463,lmsMoreEvents_beforeSave,2,2,0.0001,0.7
464,penP_tintSquare,2,2,0.0001,0.7
465,nonameawacomparisons_equalOrGreater,2,2,0.0001,0.7
466,nonameawacomparisons_almostEqual2n,2,2,0.0001,0.7
467,runtimeoptions_getEnabled,2,1,0.0001,0.4
468,sipctime_TimeToTimestamp,2,1,0.0001,0.4
469,Encoding_decode,2,1,0.0001,0.4
470,skyhigh173JSON_json_array_setlen,2,1,0.0001,0.4
471,gsaHTTPRequests_clearAll,2,1,0.0001,0.4
472,gsaHTTPRequests_setHeaderJSON,2,1,0.0001,0.4
473,theshovelcanvaseffects_renderscale,2,1,0.0001,0.4
474,lmsTempVars2_deleteRuntimeVariable,2,1,0.0001,0.4
475,text_isAnimating,2,1,0.0001,0.4
476,nkmoremotion_steptowards,2,1,0.0001,0.4
477,translate_getViewerLanguage,2,1,0.0001,0.4
478,customInputBox_deleteAllInputBoxes,2,1,0.0001,0.4
479,customInputBox_setInputBoxPlaceholder,2,1,0.0001,0.4
480,SPtuneShark3_pauseSound,2,1,0.0001,0.4
481,text2speech_setLanguage,2,1,0.0001,0.4
482,text2speech_menu_languages,2,1,0.0001,0.4
483,truefantommath_less_or_equal_block,2,1,0.0001,0.4
484,lmsutilsblocks_whenBooleanHat,2,1,0.0001,0.4
485,lmsVideo_stopShowingVideo,2,1,0.0001,0.4
486,cubesterKeySimulation_pressKey,2,1,0.0001,0.4
487,cubesterKeySimulation_menu_KEYS,2,1,0.0001,0.4
488,cubesterKeySimulation_menu_AND_WAIT,2,1,0.0001,0.4
489,MecllNeteaseMusic_IsMusicPlaying,2,1,0.0001,0.4
490,DTcameracontrols_setBoth,2,1,0.0001,0.4
491,Encoding_hash,2,1,0.0001,0.4
492,Encoding_menu_hash,2,1,0.0001,0.4
493,lmsMoreEvents_whileTrueFalse,2,1,0.0001,0.4
494,utilities_regexReplace,2,1,0.0001,0.4
495,DTcameracontrols_changeX,2,1,0.0001,0.4
496,DTcameracontrols_changeY,2,1,0.0001,0.4
497,DTcameracontrols_changeZoom,2,1,0.0001,0.4
498,theshovelcanvaseffects_geteffect,2,1,0.0001,0.4
499,theshovelcanvaseffects_menu_EFFECTGETMENU,2,1,0.0001,0.4
500,MecllNeteaseMusic_CheckSongs,2,1,0.0001,0.4
501,lmsclonesplus_setVariableOfClone,2,1,0.0001,0.4
502,battery_level,2,1,0.0001,0.4
503,battery_charging,2,1,0.0001,0.4
504,penP_resetSquareAttributes,2,1,0.0001,0.4
505,penP_squareTexDown,2,1,0.0001,0.4
506,penP_menu_costumeMenu,2,1,0.0001,0.4
507,Encoding_Randomstrings,2,1,0.0001,0.4
508,popupuinew_toast_info,2,1,0.0001,0.4
509,spritetextbox_setTextAlign,2,1,0.0001,0.4
510,spritetextbox_menu_textAlign,2,1,0.0001,0.4
511,glowText_setOutlineColor,2,1,0.0001,0.4
512,nonameawacomparisons_almostEqual3n,2,1,0.0001,0.4
513,touisystem_close_popup_force,2,1,0.0001,0.4
514,spritetextbox_setMaxWidth,2,1,0.0001,0.4
515,lmsutilsblocks_spriteClicked,2,1,0.0001,0.4
516,popupuinew_toast_error,2,1,0.0001,0.4
517,codingStarInput_create,2,1,0.0001,0.4
518,codingStarInput_setFixedHeight,2,1,0.0001,0.4
519,lmsTimers_resumeTimer,2,1,0.0001,0.4
520,bcxToolboxV8_arrayRemoveContains,2,1,0.0001,0.4
521,popupuinew_close_popup_force,2,1,0.0001,0.4
522,Gamepad_gamepadConnected,1,1,0.0001,0.4
523,lmsTempVars2_changeThreadVariable,1,1,0.0001,0.4
524,gsaHTTPRequests_requestFail,1,1,0.0001,0.4
525,gsaHTTPRequests_requestSuccess,1,1,0.0001,0.4
526,shovelcss_clearCSS,1,1,0.0001,0.4
527,strings_unicodefrom,1,1,0.0001,0.4
528,strings_unicodeof,1,1,0.0001,0.4
529,pen_changePenHueBy,1,1,0.0001,0.4
530,pen_changePenShadeBy,1,1,0.0001,0.4
531,lmsutilsblocks_isUserMobile,1,1,0.0001,0.4
532,cubesterWindowControls_closeWindow,1,1,0.0001,0.4
533,customInputBox_createInputBox,1,1,0.0001,0.4
534,customInputBox_hideInputBox,1,1,0.0001,0.4
535,customInputBox_showInputBox,1,1,0.0001,0.4
536,customInputBox_isInputBoxTouchingMouse,1,1,0.0001,0.4
537,customInputBox_isKeyPressedOnInputBox,1,1,0.0001,0.4
538,gsaHTTPRequests_requestComplete,1,1,0.0001,0.4
539,lmsSoundExpanded_playSoundAt,1,1,0.0001,0.4
540,SPtuneShark3_stopSound,1,1,0.0001,0.4
541,SPtuneShark3_importURL,1,1,0.0001,0.4
542,SPtuneShark3_startSound,1,1,0.0001,0.4
543,nishiowoDectalk_speakAndWait,1,1,0.0001,0.4
544,nishiowoDectalk_stopAll,1,1,0.0001,0.4
545,text2speech_setVoice,1,1,0.0001,0.4
546,text2speech_menu_voices,1,1,0.0001,0.4
547,text2speech_speakAndWait,1,1,0.0001,0.4
548,images_switchToImage,1,1,0.0001,0.4
549,skyhigh173JSON_json_delete,1,1,0.0001,0.4
550,lmsclonesplus_touchingCloneWithVar,1,1,0.0001,0.4
551,utilities_falseBlock,1,1,0.0001,0.4
552,lmsVideo_setPlaybackRate,1,1,0.0001,0.4
553,lmsVideo_pause,1,1,0.0001,0.4
554,lmsVideo_resume,1,1,0.0001,0.4
555,truefantommath_trunc_block,1,1,0.0001,0.4
556,truefantommath_trunc2_block,1,1,0.0001,0.4
557,truefantommath_is_number_block,1,1,0.0001,0.4
558,dtbyxeroname_dt,1,1,0.0001,0.4
559,lmsAssets_openProject,1,1,0.0001,0.4
560,localstorage_whenChanged,1,1,0.0001,0.4
561,MecllNeteaseMusic_ControlMusic,1,1,0.0001,0.4
562,DTcameracontrols_getZoom,1,1,0.0001,0.4
563,MecllNeteaseMusic_ControlAllMusic,1,1,0.0001,0.4
564,MecllNeteaseMusic_GetOnlineSongsInfo,1,1,0.0001,0.4
565,MecllNeteaseMusic_menu_getonlinesongsinfotype,1,1,0.0001,0.4
566,MecllNeteaseMusic_StartPlayMusic,1,1,0.0001,0.4
567,lmsclonesplus_createCloneOfMyselfWithVar,1,1,0.0001,0.4
568,shovelcss_pictureinput,1,1,0.0001,0.4
569,shovelcss_gradientAngle,1,1,0.0001,0.4
570,utilities_isLessOrEqual,1,1,0.0001,0.4
571,utilities_isMoreOrEqual,1,1,0.0001,0.4
572,gitblobsha_calcBlobText,1,1,0.0001,0.4
573,RixxyX_startTime,1,1,0.0001,0.4
574,lmsclonesplus_getVariableOfClone,1,1,0.0001,0.4
575,qxsckvarandlist_getValueOfList,1,1,0.0001,0.4
576,qxsckvarandlist_clearList,1,1,0.0001,0.4
577,qxsckvarandlist_addValueInList,1,1,0.0001,0.4
578,lmsVideo_getLoadedVideos,1,1,0.0001,0.4
579,nonameawacomparisons_notEqual,1,1,0.0001,0.4
580,nonameawacomparisons_equalOrLess,1,1,0.0001,0.4
581,bcxToolboxV5_objGetValueCount,1,1,0.0001,0.4
582,qxsckvarandlist_listContains,1,1,0.0001,0.4
583,codingStarInput_isKeyPressedInInput,1,1,0.0001,0.4
584,popupuinew_show_confirm,1,1,0.0001,0.4
585,popupuinew_get_confirm_bool,1,1,0.0001,0.4
586,penP_getPenHSV,1,1,0.0001,0.4
587,penP_menu_hsvMenu,1,1,0.0001,0.4
588,lmsutilsblocks_setClipboard,1,1,0.0001,0.4
589,codingStarInput_setTextColor,1,1,0.0001,0.4
590,codingStarInput_setBorder,1,1,0.0001,0.4
591,codingStarInput_setShowBg,1,1,0.0001,0.4
592,codingStarInput_setWidth,1,1,0.0001,0.4
593,touisystem_toast_error,1,1,0.0001,0.4
594,event_whentouchingobject,1,1,0.0001,0.4
595,penP_setCullMode,1,1,0.0001,0.4
596,penP_menu_cullMode,1,1,0.0001,0.4
597,penP_setWholeTrianglePointAttribute,1,1,0.0001,0.4
598,penP_menu_wholeTriAttribute,1,1,0.0001,0.4
599,event_whenstageclicked,1,1,0.0001,0.4
